5,5,5,8,6,5,4,6,6,3,3,5,3,6,4,5,3,5,5,4,3,3,4,3,2,2,2,3,2,2,4,3,3,5,3,6,4,1,1,3,2,1,2,1,2,1,3,3,3,2,3,3,1,1,2,2,1,3,0,3,1,0,0,3,0,2,2,3,2,0,1,3,2,2,2,2,3,1,2,2,1,1,3,1,2,2,2,1,3,3,1,2,2,3,3,2,2,3,1,2,2,2,2,0,4,2,3,0,3,3,5,1,2,3,2,4,2,2,4,1,2,2,3,1,3,3,2,2,3,4,3,4,3,3,3,4,3,5,2,2,4,3,6,3,6,4,3,5,4,6,7,3,5,4,6,6,4,5,5,6,6,6,6,9,8,7,9,8,8,11,8,9,10,10,10,10,9,8,14,10,13,13,11,14,12,14,13,12,14,13,13,14,18,18,17,17,17,17,17,18,17,18,21,20,20,22,22,24,21,22,27,24,26,24,24,26,28,26,29,27,28,29,27,30,29,33,33,30,29,32,33,31,31,32,33,33,31,34,40,30,34,35,35,37,35,33,35,37,40,33,36,37,36,38,39,42,43,42,39,43,39,40,41,45,42,41,43,44,42,42,43,40,43,46,47,45,46,43,44,43,43,44,47,47,46,45,46,45,44,47,44,42,47,48,43,45,46,43,44,46,46,46,47,47,45,47,44,43,42,49,50,43,49,49,43,42,49,43,47,48,46,45,46,43,41,46,48,41,45,48,45,42,46,44,42,42,47,50,44,49,47,49,44,53,50,48,51,55,52,52,56,55,56,59,61,59,59,63,70,64,74,80,79,79,91,98,94,103,114,115,120,134,138,136,145,155,152,148,159,158,154,156,163,156,153,160,161,155,151,160,161,155,162,163,161,159,160,161,160,159,161,164,154,162,166,159,154,158,166,154,155,165,158,159,159,163,163,154,156,171,159,155,161,168,153,158,162,158,149,163,163,162,154,158,165,160,157,162,168,156,154,162,166,157,159,162,163,155,160,163,159,154,164,162,161,155,166,166,162,162,166,173,166,161,174,173,166,166,167,174,158,162,172,168,163,164,169,166,154,157,169,170,161,156,163,162,155,159,167,156,156,159,163,159,151,157,163,160,157,161,166,165,151,154,163,160,148,158,162,162,156,160,163,164,149,160,164,169,161,161,167,170,158,165,171,177,158,164,169,176,167,164,169,172,162,159,163,171,162,157,160,165,160,153,152,156,158,147,144,152,148,138,139,142,151,139,129,140,135,131,122,128,130,123,116,117,119,119,102,101,103,102,89,86,84,86,75,71,69,74,63,60,56,59,59,53,51,54,57,52,48,48,53,58,50,47,57,58,49,48,50,53,47,46,48,51,51,49,48,48,52,52,45,54,53,58,48,49,47,55,47,45,51,50,54,50,48,50,56,51,45,49,51,51,46,46,51,53,48,49,47,51,53,43,48,48,47,49,43,46,51,53,46,47,44,54,47,46,45,46,48,42,44,45,48,50,45,43,48,54,48,48,45,47,50,52,45,46,49,50,49,41,47,48,48,45,46,47,53,46,45,46,44,50,47,44,44,52,45,44,42,44,49,48,43,39,47,54,44,44,44,47,47,50,47,43,49,46,49,43,42,45,48,43,40,44,46,42,40,41,45,45,45,38,41,45,44,42,39,42,41,47,44,40,40,45,43,42,39,38,43,41,43,37,40,43,44,40,40,35,39,42,40,35,36,39,42,36,39,36,37,39,41,36,37,41,41,39,38,35,38,42,41,38,40,36,43,42,36,37,38,38,40,37,37,38,39,42,35,37,35,38,38,38,33,37,39,40,39,35,32,36,38,38,35,34,33,36,35,37,32,32,35,35,32,31,35,35,38,35,28,29,33,35,31,33,27,30,31,31,30,34,27,32,33,32,32,32,31,31,32,30,29,31,30,31,28,30,30,30,32,29,27,28,31,29,31,28,24,29,29,31,28,27,28,26,32,31,27,26,27,26,28,28,26,25,26,25,28,25,22,24,27,26,24,25,21,21,26,24,24,21,24,23,22,22,22,23,21,22,22,23,18,21,22,23,24,26,20,18,18,18,20,22,20,17,21,19,21,19,20,17,21,23,18,18,18,17,22,20,18,15,14,18,17,20,17,17,17,19,21,17,14,15,16,16,20,15,17,15,15,18,15,17,14,12,17,16,19,13,12,12,13,14,14,11,14,14,12,14,13,13,13,11,10,11,11,13,9,9,12,11,11,13,10,11,13,11,14,9,7,11,10,10,9,7,8,12,9,10,9,9,9,11,9,11,7,7,6,9,9,6,9,11
4,7,8,9,4,6,5,4,5,4,4,4,6,3,5,6,4,5,4,5,3,3,5,5,2,3,4,3,4,4,5,3,3,3,2,3,2,3,4,1,2,2,2,3,1,3,2,1,1,1,1,1,2,1,2,3,3,3,2,2,1,0,4,3,0,1,1,2,0,2,1,2,0,2,3,1,1,2,1,2,2,1,1,1,2,2,2,2,2,0,3,0,3,1,3,2,0,2,3,0,3,0,1,2,3,2,2,1,3,2,2,1,2,2,3,2,1,1,2,2,2,2,2,1,2,1,3,2,2,3,3,2,2,3,4,2,1,6,4,3,2,2,5,3,2,3,3,5,3,3,5,6,5,5,4,5,5,5,6,7,5,6,6,5,6,7,8,8,8,8,7,9,7,8,9,10,9,12,10,9,10,8,9,10,10,12,10,11,11,13,13,12,15,12,15,14,15,15,15,16,16,15,17,19,18,19,19,21,22,24,21,22,22,19,20,23,21,25,22,24,24,24,25,26,23,27,26,23,28,27,24,29,29,28,33,28,30,28,34,27,29,33,31,28,32,32,30,33,32,27,32,33,29,30,33,37,33,36,31,34,35,33,33,37,34,36,41,36,32,37,34,36,37,37,32,33,39,36,35,36,39,34,35,38,37,36,40,37,37,40,39,37,36,34,36,36,40,36,37,36,36,34,39,35,33,36,38,36,38,40,36,41,36,34,36,37,38,33,37,36,37,33,38,36,33,35,33,32,32,38,33,34,35,34,35,36,39,36,37,41,42,38,40,45,43,47,50,48,49,52,58,60,58,60,67,66,72,75,81,84,93,108,105,116,131,138,142,164,178,190,201,225,237,240,254,269,271,276,286,294,288,288,296,290,292,297,302,291,295,303,303,294,297,309,306,292,308,298,298,301,312,315,300,306,312,298,294,302,307,292,306,303,308,299,288,311,297,298,302,314,299,301,297,313,301,299,304,305,293,303,309,310,302,305,311,304,290,310,313,293,303,310,306,307,300,319,314,302,308,319,308,302,311,320,313,307,315,323,313,315,317,326,316,315,327,331,317,319,325,329,315,311,319,321,309,310,321,324,297,311,321,309,298,312,314,310,303,309,318,308,295,302,306,306,304,297,319,311,298,303,318,303,301,301,321,316,301,301,317,313,307,306,316,322,304,306,316,326,312,316,327,328,316,327,329,333,321,319,324,327,320,316,328,330,312,306,318,319,310,301,301,310,297,283,291,293,288,274,276,278,279,266,261,263,273,252,246,253,254,246,229,231,234,221,208,206,205,197,175,168,168,151,142,132,128,118,108,98,90,91,83,73,64,67,67,60,56,57,57,57,48,55,56,55,52,49,53,58,50,52,52,57,55,52,53,55,56,50,52,51,55,56,50,54,57,52,49,51,53,56,49,49,50,55,55,51,50,55,56,51,46,51,51,53,47,49,51,51,48,49,51,51,49,47,45,49,49,48,47,45,48,47,45,46,46,51,47,41,45,47,50,45,47,45,47,50,42,47,48,49,48,45,44,50,46,46,41,49,50,48,45,45,42,49,45,42,42,44,48,42,43,42,48,48,43,42,43,48,46,39,42,46,51,43,39,42,43,46,43,41,43,46,44,42,39,43,45,47,43,39,38,50,41,38,41,41,40,43,38,39,41,45,38,38,39,40,44,41,37,39,38,39,41,40,36,41,45,36,40,35,38,39,39,33,36,39,41,37,37,30,37,37,38,33,32,35,39,35,36,34,34,37,36,35,36,38,37,38,36,31,37,40,39,34,33,38,38,35,35,33,34,39,38,37,30,33,35,37,30,34,31,36,35,33,34,32,35,35,34,31,29,36,36,34,28,28,31,30,32,31,29,30,27,34,28,30,24,27,31,31,26,27,27,33,28,29,27,29,30,28,26,26,27,29,28,30,24,24,29,31,29,23,24,29,26,33,25,26,26,27,31,28,26,24,24,29,29,25,24,24,26,30,28,24,25,28,28,26,24,25,25,24,28,25,21,25,23,25,27,21,21,24,21,27,21,24,20,24,25,21,18,21,21,22,21,19,19,21,18,21,22,18,20,19,18,23,21,20,15,18,18,22,18,19,14,15,18,20,20,19,16,18,19,20,17,18,14,19,20,18,19,16,14,17,17,17,15,15,17,14,17,18,17,16,15,15,17,19,15,13,16,17,14,15,15,14,15,14,15,14,12,13,12,12,12,14,11,13,10,14,14,14,10,11,12,12,13,11,8,9,11,11,11,11,11,11,11,10,13,10,9,11,10,10,11,10,8,10,9,9,11,12,7,8,8,10,8,9,9,6,9,9,9,7
12,8,9,10,6,10,8,10,8,9,8,7,8,9,7,7,6,3,5,7,6,6,5,3,4,3,5,4,4,3,5,5,3,5,3,4,4,4,2,1,4,2,3,3,3,4,2,1,4,2,1,2,4,2,2,2,2,0,2,1,1,2,2,3,3,3,2,4,3,1,3,2,1,3,2,1,2,1,2,1,2,3,3,3,2,3,1,3,3,4,1,2,2,1,1,2,1,4,1,2,3,2,2,2,1,2,3,4,3,1,2,1,4,3,3,2,2,3,1,3,2,2,4,3,2,1,5,1,2,2,3,3,4,3,4,2,3,4,5,3,4,3,5,4,4,7,5,3,5,8,7,7,5,6,5,7,7,6,5,7,7,8,8,5,9,8,9,8,9,10,8,10,10,12,12,12,11,11,12,14,16,12,13,14,11,14,16,15,14,13,16,15,15,16,18,19,16,17,19,19,20,21,21,19,21,20,25,27,27,25,27,27,24,28,25,27,28,25,28,28,29,27,29,32,30,33,35,28,31,32,34,34,35,27,35,35,32,33,35,33,33,38,32,34,37,35,35,37,38,38,39,39,36,40,41,41,39,40,37,39,41,41,39,42,42,40,42,41,40,46,44,40,44,40,41,43,43,42,41,47,42,43,44,44,43,45,44,43,42,44,42,42,43,44,39,46,41,39,39,42,41,38,47,43,37,42,45,41,43,46,46,43,49,43,40,42,44,40,42,43,43,41,47,40,36,40,43,37,42,44,39,37,41,43,36,38,43,40,41,44,45,44,44,45,46,45,51,53,49,52,57,59,56,66,71,65,72,79,86,81,95,109,115,117,137,145,146,172,195,194,220,239,253,258,282,297,303,308,319,331,323,332,345,336,331,341,349,342,329,348,347,327,339,357,342,340,357,360,340,348,357,353,347,352,369,349,346,349,355,338,348,355,351,335,343,355,343,335,343,354,334,338,356,365,346,343,355,356,341,351,358,353,336,362,365,347,348,360,372,338,351,368,355,347,346,364,360,339,353,363,366,350,357,369,357,354,358,374,361,355,370,376,359,366,382,377,363,364,374,371,354,357,376,378,361,360,378,365,348,356,363,353,347,357,359,351,347,354,365,357,338,351,359,357,341,350,368,358,342,351,364,358,347,353,363,368,348,353,362,365,344,347,371,364,346,354,362,379,352,362,376,381,349,364,381,380,367,359,381,380,368,370,386,387,379,367,370,382,372,346,357,371,362,341,343,352,347,336,327,335,343,319,308,322,322,312,305,313,309,292,279,286,289,276,261,254,254,251,229,211,213,205,183,169,166,162,141,132,125,120,110,95,91,90,94,79,72,74,77,71,63,67,69,72,64,63,65,68,65,59,62,73,68,58,63,67,64,59,58,62,69,64,56,63,67,66,59,59,65,66,63,59,59,71,64,58,62,63,69,63,62,62,65,69,56,58,59,64,59,57,53,65,65,60,55,60,63,56,52,61,58,63,56,54,55,61,53,54,51,59,58,57,54,54,59,57,52,54,54,62,57,51,54,58,61,53,53,53,60,58,52,52,57,58,56,51,52,55,56,54,53,52,59,57,50,50,52,57,51,50,47,53,56,54,53,51,53,56,53,49,50,53,57,49,51,50,54,54,52,50,51,56,53,49,50,51,53,53,46,41,49,51,52,47,44,45,52,49,44,44,47,50,49,43,43,47,50,47,40,41,39,47,43,40,42,43,49,43,42,38,44,48,43,43,43,45,44,44,39,39,40,46,45,41,40,46,48,44,41,40,44,43,43,42,37,43,48,43,42,40,41,41,42,41,38,40,45,45,37,40,38,41,42,36,35,36,42,43,40,37,35,39,43,39,37,36,36,37,39,34,35,34,39,40,34,31,34,35,40,39,31,33,34,33,35,34,29,32,36,36,34,32,31,36,37,34,29,30,36,36,35,31,29,33,35,38,31,29,30,35,33,33,30,27,28,33,35,31,28,32,34,32,32,29,29,31,28,34,27,27,28,30,31,31,28,27,28,30,29,29,24,27,24,28,30,22,20,26,26,25,27,24,24,26,26,26,23,26,21,23,24,23,26,19,23,22,26,22,21,20,21,24,24,23,20,23,24,23,23,19,21,24,26,23,20,23,18,20,22,23,20,19,20,20,21,21,20,18,19,19,23,19,19,18,18,19,19,18,19,16,17,20,21,17,15,17,19,18,16,18,15,16,14,17,17,13,11,14,13,16,16,13,16,12,16,15,14,13,13,12,15,15,13,12,15,13,14,14,15,11,13,12,13,12,13,10,10,10,13,13,11,11,9,11,11,10,11,7,11,10,10,9,10,11
9,8,8,6,8,5,7,6,5,3,7,5,5,4,9,3,5,6,4,6,4,5,4,3,4,4,3,4,3,3,3,2,3,3,4,2,2,1,4,1,2,1,3,3,4,1,3,4,1,1,1,3,3,4,1,4,2,4,2,1,2,3,2,4,1,3,2,2,0,1,1,1,2,1,3,1,1,2,2,3,2,3,1,1,2,2,1,3,1,3,2,1,0,2,0,3,4,2,1,1,2,1,1,2,3,3,2,0,4,2,3,2,1,1,1,3,3,4,1,4,2,2,1,4,2,2,4,3,4,2,3,4,3,2,4,5,4,3,3,3,3,3,3,5,4,4,4,4,5,4,5,7,5,3,5,5,5,7,7,7,6,6,8,6,6,8,5,7,6,10,8,10,10,9,7,10,9,12,9,11,13,10,14,12,10,13,12,14,13,13,12,14,14,13,10,12,17,14,15,16,16,17,16,16,17,18,20,20,18,21,21,21,20,21,21,22,20,22,21,29,23,26,28,25,26,29,23,25,26,29,24,29,26,25,32,29,29,30,28,30,28,29,29,29,30,30,30,31,33,33,32,36,30,34,33,33,35,37,34,37,33,31,33,36,33,33,37,34,34,35,37,34,37,37,35,37,38,37,35,37,34,37,37,36,37,37,38,34,33,41,35,34,40,40,34,37,38,37,35,40,35,36,38,35,37,35,38,39,36,37,37,35,38,34,34,34,37,34,29,38,34,31,40,37,31,34,38,32,29,33,33,32,33,34,33,34,37,37,33,40,41,39,41,41,43,42,48,50,48,51,60,60,59,64,73,74,79,88,90,93,101,124,123,136,151,166,174,200,218,231,254,278,301,303,328,342,339,349,362,366,363,369,369,373,368,374,385,366,373,373,377,370,377,391,379,369,386,381,375,378,393,388,382,386,386,383,372,387,393,377,373,383,386,374,377,385,380,372,389,393,380,379,383,399,373,374,394,389,379,381,390,387,378,389,404,378,383,384,400,383,388,396,390,387,393,395,398,391,394,399,400,392,391,406,388,393,398,418,393,389,410,408,395,405,406,415,404,402,411,412,393,403,409,412,398,396,415,403,389,399,407,404,385,395,404,393,387,393,407,399,385,396,402,394,386,388,400,394,377,390,403,389,386,383,401,398,378,402,408,402,383,393,419,404,381,396,410,419,395,413,424,413,408,407,422,427,402,409,426,434,403,404,422,422,408,397,412,410,402,390,394,402,387,361,378,380,373,360,354,359,358,339,337,351,346,329,323,332,332,309,300,301,312,285,270,262,258,235,231,211,205,195,168,155,150,144,130,111,106,106,96,81,80,77,74,66,62,62,65,62,57,58,64,65,59,59,58,60,57,56,58,64,59,55,60,62,61,59,59,58,63,54,53,58,62,62,56,56,57,62,59,51,56,59,60,52,54,60,63,58,55,57,60,54,50,53,57,59,53,54,49,58,59,52,49,56,57,51,45,52,58,55,48,53,52,55,50,49,50,53,55,49,49,47,52,55,49,50,51,53,51,49,50,53,51,51,49,49,57,52,47,49,48,56,51,48,47,48,55,46,45,45,50,55,46,45,46,53,50,44,45,51,54,46,43,47,50,51,46,42,48,50,53,45,44,44,51,53,47,43,46,50,51,40,44,40,45,44,44,41,42,46,47,42,40,45,47,42,41,40,42,43,44,42,38,41,46,41,37,40,42,40,42,39,37,38,39,40,40,36,40,42,40,32,37,42,39,38,37,37,39,35,39,35,33,35,42,40,38,37,41,39,37,31,36,37,39,37,34,32,38,37,40,35,32,38,40,39,36,32,33,36,37,35,36,31,38,37,34,34,34,34,36,35,30,30,32,33,33,31,31,30,32,32,31,27,28,32,34,30,29,28,31,33,33,25,25,25,32,27,29,27,28,32,31,30,24,24,27,29,28,26,24,28,31,29,28,25,27,29,31,26,27,22,27,30,29,24,26,24,28,23,27,25,21,25,26,24,24,25,24,24,28,27,24,23,24,25,24,23,22,21,24,28,24,22,23,24,25,21,22,20,20,20,23,22,20,22,22,18,25,19,20,18,21,23,23,22,17,17,20,21,19,16,17,16,19,17,20,19,17,17,21,19,20,19,17,20,19,22,19,14,19,17,19,15,14,17,17,17,20,14,17,12,16,16,20,15,16,15,17,19,17,18,13,15,14,15,16,14,14,14,15,14,15,13,14,13,11,16,14,15,12,12,10,15,11,11,13,9,13,13,10,11,12,12,13,8,14,11,9,9,10,7,11,10,11,7,10,12,9,10,11,8,9,11,9,8,9,9,7,11,8,10
5,10,7,6,8,9,6,6,7,4,6,6,5,5,6,5,5,6,4,5,6,3,4,4,5,2,3,6,2,3,5,4,3,4,4,5,0,2,1,2,1,4,3,5,3,4,3,2,1,3,1,3,0,4,3,4,1,1,1,1,3,2,1,2,2,3,3,5,2,3,3,1,1,3,1,3,1,2,2,3,0,1,2,1,2,1,2,1,2,2,0,2,3,2,2,1,2,4,2,0,2,2,3,1,1,2,1,1,3,0,1,2,3,3,2,3,3,1,2,3,2,6,0,4,4,4,1,3,2,3,5,4,2,3,5,3,3,3,4,3,5,3,4,5,3,6,6,5,4,6,4,8,6,5,5,6,7,5,6,6,4,7,8,9,8,7,9,9,7,10,7,9,12,7,11,11,14,11,14,11,11,13,12,14,13,11,14,12,15,16,16,17,14,21,19,18,18,18,20,22,20,19,20,22,23,25,25,24,25,24,28,27,27,28,28,25,28,30,29,29,34,29,35,33,29,34,31,35,31,36,33,35,34,37,35,40,33,37,34,37,37,39,38,39,40,36,38,38,40,36,40,40,41,41,43,41,41,42,44,42,46,41,45,46,45,46,42,44,44,43,47,45,45,48,49,44,50,45,46,47,48,44,46,51,49,48,45,47,45,48,51,45,47,47,45,48,46,44,49,48,44,44,48,47,48,46,49,44,48,48,45,46,48,46,44,51,48,46,48,50,48,46,46,46,47,50,50,46,47,47,46,46,46,49,44,42,47,46,44,48,51,47,46,55,50,45,53,52,48,55,55,55,54,59,65,58,62,68,70,71,75,79,78,82,96,101,100,111,119,121,129,146,147,153,161,179,174,178,187,196,190,193,198,195,193,198,203,198,189,198,202,192,195,205,204,197,206,204,197,196,204,208,196,202,208,206,195,201,202,192,196,204,199,191,202,209,198,188,199,204,195,202,205,205,196,197,207,206,195,197,202,198,191,204,209,205,192,203,200,191,197,205,199,193,201,205,203,197,203,208,207,196,204,216,205,198,204,216,205,196,205,215,205,207,218,215,196,200,211,215,202,202,214,215,203,208,210,207,191,198,204,203,191,199,208,203,191,200,208,204,185,202,206,202,194,201,201,205,193,201,202,200,191,204,210,201,186,199,207,203,191,202,204,198,190,198,205,208,201,206,211,214,199,200,215,217,207,200,218,219,204,208,212,225,212,198,212,216,204,201,203,211,199,192,194,205,196,178,185,189,194,175,173,180,181,177,171,176,179,171,157,165,163,158,148,152,154,155,140,129,139,131,125,113,117,113,102,94,96,96,84,76,71,76,73,63,63,62,63,62,55,57,60,57,53,53,57,63,52,53,58,59,55,50,54,53,57,53,50,56,57,55,49,53,57,55,52,51,52,59,51,52,54,57,51,51,49,56,56,56,51,51,56,54,49,50,56,54,55,50,51,56,53,49,47,51,50,50,48,46,54,53,45,47,47,55,50,44,45,50,49,46,46,47,49,49,44,45,47,54,49,44,48,51,54,50,47,50,50,55,48,44,48,50,44,42,46,45,53,49,43,43,47,48,40,44,46,52,47,42,43,49,47,43,38,43,47,48,44,42,47,50,51,44,43,43,46,49,46,45,40,51,49,42,44,44,44,46,42,40,44,42,48,40,39,42,43,42,40,38,42,46,38,43,38,39,43,42,40,38,43,41,38,37,38,41,46,38,40,39,41,41,41,36,35,41,41,36,35,36,38,40,39,38,35,41,39,41,35,35,40,41,36,39,36,35,42,40,36,36,39,39,40,35,38,34,41,39,38,35,33,41,35,35,33,34,37,38,38,33,32,36,38,38,31,32,37,37,36,35,32,31,31,35,31,30,31,37,34,31,31,30,30,31,33,30,26,32,34,33,28,27,29,32,31,29,30,27,27,33,27,29,31,27,32,35,29,27,27,33,31,30,27,24,26,26,30,30,26,29,29,31,28,24,27,25,26,33,25,27,25,30,29,26,25,26,25,26,27,27,24,24,27,26,25,24,23,23,26,28,22,21,22,23,23,21,22,20,25,19,25,24,20,19,21,25,22,20,20,19,22,20,18,18,17,20,22,20,18,18,16,19,21,19,20,17,20,20,20,19,16,19,17,18,18,19,18,18,19,19,19,16,15,16,15,16,22,15,18,15,17,16,18,16,16,16,17,13,16,13,15,10,16,14,12,13,13,14,13,16,14,14,11,13,14,10,13,10,11,13,12,11,12,12,9,12,11,13,12,12,11,11,10,15,11,9,6,8,10,10,11,11,9,11,12,10,10,7,9,8,5,8,11,7
6,6,6,6,6,5,6,5,6,5,6,6,5,5,7,5,4,2,8,1,3,3,2,5,4,3,5,2,4,2,3,5,2,4,3,1,3,5,2,2,2,2,4,0,2,2,3,4,0,4,4,1,3,2,1,0,0,3,2,2,1,1,2,4,3,1,0,0,2,1,1,2,1,4,1,1,2,3,2,3,2,0,1,0,2,1,2,2,3,2,2,2,2,2,2,2,2,3,3,3,2,1,4,2,2,2,1,3,4,4,2,3,3,1,4,2,5,2,4,1,2,3,0,3,2,4,2,4,2,1,5,3,6,4,2,3,4,4,3,2,2,2,6,4,6,6,3,4,6,3,4,6,4,6,5,6,9,7,8,6,5,7,4,10,6,7,8,8,8,8,7,10,9,10,9,11,9,9,10,11,11,12,10,13,11,12,13,14,14,16,15,14,17,12,15,16,16,16,15,17,16,18,19,21,20,22,21,23,21,27,21,26,21,23,25,22,24,23,27,26,30,26,27,29,27,27,29,30,32,33,30,30,30,31,31,31,29,29,33,31,30,33,33,33,32,35,35,36,38,33,38,38,36,37,35,42,38,40,35,38,38,37,39,42,42,38,43,41,38,41,41,39,40,42,42,40,41,46,38,44,42,38,42,42,43,45,40,42,40,45,41,39,44,42,36,44,42,39,43,41,39,39,43,42,38,38,42,42,41,44,40,38,44,43,41,41,42,42,40,44,40,38,43,40,40,38,39,39,39,40,44,40,43,43,36,39,46,43,41,42,46,44,41,48,48,48,53,57,55,60,61,62,66,65,73,72,73,81,85,82,94,106,107,109,123,132,139,157,178,183,196,220,234,234,258,274,280,291,296,306,308,314,318,315,315,321,333,318,316,337,337,326,326,328,333,319,329,333,320,327,331,336,320,326,338,327,319,323,331,312,324,327,326,321,321,333,325,317,325,331,324,322,335,340,325,328,330,333,318,327,337,330,312,335,333,321,324,335,345,323,326,342,339,327,333,338,333,322,340,342,337,328,336,345,338,328,337,343,340,339,339,350,348,340,355,348,342,334,355,351,341,336,354,347,339,335,355,346,333,336,334,337,322,336,340,340,324,334,342,339,320,339,335,332,327,317,342,335,318,333,343,334,316,335,343,339,321,327,333,333,330,336,348,342,327,331,355,352,334,341,356,352,336,338,358,361,341,334,350,356,338,339,354,357,345,327,346,346,332,322,326,331,327,310,309,320,307,302,296,310,304,280,282,289,301,269,269,281,287,268,256,259,255,247,231,233,242,227,205,201,199,189,175,162,151,150,136,123,115,118,105,88,84,85,85,73,68,69,72,67,58,58,61,61,55,61,58,68,60,56,57,62,62,54,59,62,62,58,61,58,66,59,56,57,63,62,56,55,61,63,57,54,62,59,64,59,53,57,65,58,54,59,59,61,57,55,58,60,55,55,50,60,56,53,51,57,60,53,50,55,58,57,53,49,55,57,53,51,49,55,54,51,50,49,54,52,49,46,52,58,53,50,49,53,51,53,53,53,53,55,48,49,51,56,51,47,51,52,52,48,47,49,50,52,46,47,47,52,50,43,44,49,53,50,42,48,52,54,49,44,47,52,52,49,45,48,49,51,49,45,45,51,50,42,44,46,48,49,46,43,45,48,49,42,42,38,49,45,44,45,41,46,41,37,39,44,43,43,36,42,43,45,41,38,40,40,42,41,36,38,40,41,38,39,39,38,38,35,37,39,36,43,36,36,36,37,40,36,32,37,37,39,42,33,36,40,39,40,36,35,37,40,38,39,35,39,41,37,34,35,34,36,40,37,35,33,37,38,34,34,32,31,38,34,29,28,33,37,32,33,30,29,34,36,31,27,30,32,30,31,28,28,31,31,28,28,25,28,31,30,30,27,31,31,33,31,29,25,33,31,29,23,29,27,30,30,26,25,28,25,31,30,31,26,25,29,28,26,22,25,23,30,25,24,25,27,29,24,25,26,24,30,27,26,29,24,23,28,25,22,23,22,25,24,23,22,21,23,22,22,23,21,23,20,21,24,18,20,21,23,21,23,20,21,25,21,23,19,16,17,23,21,18,17,16,19,18,20,23,17,19,19,18,19,18,19,16,18,19,19,18,16,19,19,23,19,16,18,17,16,20,20,18,15,19,17,19,18,15,13,16,17,15,17,14,17,14,16,15,13,12,17,14,14,19,12,16,13,13,15,13,14,11,11,13,13,18,15,12,9,12,12,16,12,8,11,11,13,14,9,8,13,11,12,11,14,10,8,12,9,10,11,8,10,13,10,8,8,8,8,9,11,8,9
7,7,7,7,6,7,7,6,6,8,4,3,5,6,4,4,5,6,5,2,5,2,4,5,3,1,4,5,2,6,1,3,1,3,2,2,4,2,2,5,1,3,1,3,2,1,1,5,3,2,2,0,2,1,1,4,2,0,1,0,1,1,2,2,2,1,3,2,2,1,1,2,0,1,2,2,3,1,5,0,3,3,1,2,1,2,0,1,3,2,0,2,4,1,2,2,2,2,2,1,1,1,0,0,2,3,3,3,1,4,1,2,3,2,3,3,2,4,3,5,0,2,2,2,3,2,1,4,3,4,5,2,4,2,4,4,2,4,4,4,4,2,3,3,3,3,3,3,3,6,5,3,8,5,6,5,5,6,2,7,4,4,7,5,8,8,8,9,11,5,8,9,9,10,9,10,9,10,9,9,10,12,12,13,16,13,12,10,14,12,11,15,16,14,15,15,18,14,17,16,17,14,17,18,17,17,17,21,21,17,22,21,22,24,24,23,25,24,24,25,26,21,32,26,27,28,30,28,30,30,27,31,28,29,29,29,26,27,29,29,29,28,31,31,31,32,30,34,30,29,35,34,31,34,31,33,34,36,34,33,37,35,33,38,34,35,39,36,36,37,37,38,34,41,39,35,37,38,36,40,39,36,44,35,36,39,38,38,35,38,41,36,42,39,40,38,39,35,36,41,38,38,42,35,36,38,37,36,36,39,35,37,41,39,33,39,41,35,40,37,39,37,39,38,33,36,36,39,34,34,37,36,37,38,32,33,36,37,33,35,38,33,38,38,38,36,43,42,39,42,46,48,48,47,54,52,54,58,65,66,66,78,75,77,92,95,93,102,115,124,133,161,164,176,194,227,233,247,268,293,302,321,331,337,352,361,366,367,366,372,382,374,375,380,383,376,379,385,379,383,390,388,371,385,401,387,379,383,389,376,374,385,386,381,380,385,381,372,380,390,380,379,386,389,385,380,387,398,377,385,398,386,382,388,392,388,382,392,398,376,389,395,392,388,378,401,393,375,389,389,402,387,392,411,399,391,400,410,392,394,411,411,407,399,418,421,415,402,419,410,404,401,411,415,398,403,414,414,392,393,397,398,384,390,404,392,388,393,401,395,381,392,399,393,386,399,403,399,395,392,400,397,387,401,408,397,394,385,407,401,389,393,408,407,390,398,408,411,399,408,425,420,396,413,421,430,412,407,418,429,406,412,427,434,425,414,419,429,415,401,420,426,407,391,409,404,397,382,380,395,378,368,359,371,365,351,349,358,362,350,331,336,338,337,320,323,329,324,308,303,304,295,282,274,273,262,247,222,223,216,201,178,162,163,157,133,126,114,114,101,93,85,83,83,69,72,68,75,67,62,64,70,65,59,60,64,64,60,57,61,67,62,61,59,68,61,58,57,61,66,59,60,59,61,65,56,60,61,59,55,56,58,62,55,55,58,58,68,60,56,57,60,59,55,54,55,58,55,50,56,58,61,52,57,55,58,60,53,51,55,58,54,52,52,56,53,51,54,56,58,54,51,55,51,56,54,53,52,53,56,48,50,55,53,49,49,50,56,51,52,51,49,52,55,47,49,47,56,55,49,45,51,56,51,47,49,54,58,50,45,51,56,53,51,45,46,52,50,46,47,48,50,48,45,46,46,50,48,44,43,46,51,48,44,44,46,49,41,46,46,43,49,45,39,39,45,42,46,42,43,47,43,45,40,39,44,47,46,40,34,42,45,42,41,40,43,43,39,38,34,41,43,39,39,36,38,40,44,38,38,42,44,41,35,39,37,46,40,38,36,37,40,42,34,35,39,41,41,39,33,37,42,37,35,34,36,37,40,37,30,35,36,40,35,34,35,36,37,36,35,29,29,29,35,31,29,33,35,34,31,31,31,31,33,34,30,27,34,32,33,28,26,28,29,32,32,30,28,31,32,31,28,26,27,31,31,33,29,27,29,29,28,25,29,28,28,34,27,24,31,29,31,28,27,26,29,29,28,28,25,28,29,29,27,26,27,26,29,26,26,22,20,26,24,24,25,22,21,22,25,23,24,22,21,23,22,23,19,21,26,26,22,22,20,20,20,23,24,19,19,19,22,19,22,18,21,21,22,23,20,19,21,21,23,20,18,20,19,19,23,19,17,16,19,19,19,14,19,17,19,22,21,16,17,16,18,21,14,16,15,14,22,18,17,13,15,17,17,16,16,16,16,14,15,14,14,16,17,14,15,14,15,14,13,16,13,13,15,8,14,9,15,12,9,12,12,14,13,14,12,11,12,10,11,11,12,10,11,12,10,13,12,9,10,13,10,9,12,7,10,8,8,10,11
7,9,9,10,7,6,5,5,5,6,6,6,4,5,3,6,3,7,5,4,5,5,2,3,2,6,4,3,2,3,5,5,2,4,5,4,4,3,2,3,2,1,3,3,3,4,3,3,3,2,3,2,2,2,1,3,1,2,2,1,3,0,2,4,1,2,1,2,4,1,2,2,0,2,2,1,2,1,1,3,0,1,2,1,2,2,2,2,3,3,2,2,3,2,2,1,3,2,2,2,2,2,2,1,2,2,1,1,5,1,4,1,2,3,2,2,2,2,5,5,2,4,2,3,2,2,3,5,1,2,1,2,2,5,3,2,3,3,5,5,4,4,3,3,6,4,4,4,5,5,5,5,4,5,6,5,7,7,6,6,8,5,7,5,6,8,8,4,9,9,9,8,8,10,8,12,12,13,11,11,11,12,10,11,14,14,14,13,11,15,14,14,16,15,16,16,14,17,17,18,18,22,18,20,21,19,21,21,22,25,22,22,23,25,25,24,24,24,25,24,28,25,25,30,29,29,29,31,30,30,28,27,33,32,32,29,32,33,32,32,32,33,37,36,31,33,31,32,37,34,32,37,34,37,36,37,37,39,40,41,39,37,37,37,42,41,41,40,40,43,40,44,39,41,37,35,42,39,41,42,43,37,44,42,38,43,43,41,40,45,39,38,40,40,40,41,44,43,40,45,43,39,41,40,40,40,43,41,41,39,42,44,41,41,36,42,45,42,42,42,44,40,40,44,39,37,43,40,39,41,40,39,39,39,37,33,40,42,36,43,39,39,37,42,40,38,48,43,40,41,49,48,45,49,55,54,54,57,62,59,65,77,73,75,84,95,86,105,114,119,126,142,150,160,177,199,207,219,239,262,275,287,297,309,308,318,327,321,330,332,340,334,335,336,337,338,339,345,331,343,355,354,335,342,347,345,334,348,345,337,336,347,340,330,334,344,333,328,341,341,337,332,345,348,333,343,351,355,342,340,349,346,339,348,346,344,331,349,353,349,342,341,355,340,343,354,353,334,363,343,351,347,344,356,349,339,354,362,355,352,364,377,358,354,369,375,356,350,367,366,348,351,366,372,346,368,363,371,342,352,356,350,340,348,362,352,342,344,353,350,334,342,352,354,342,344,357,355,335,351,357,351,341,345,349,358,339,349,352,356,338,341,356,358,341,345,364,363,343,356,367,366,359,359,371,371,359,353,370,374,358,358,382,381,373,360,371,377,369,361,370,366,362,355,361,366,353,336,341,342,346,329,320,335,326,314,312,314,320,308,302,310,310,302,289,288,292,293,285,275,268,270,255,244,235,246,229,217,205,193,186,167,160,154,147,131,119,117,108,98,87,85,87,80,69,69,70,73,62,63,62,67,65,59,64,65,65,62,56,55,70,59,52,55,64,59,58,56,60,64,58,53,58,62,61,52,58,59,62,61,55,62,65,65,57,54,58,62,58,58,56,62,62,57,55,57,60,58,52,56,58,60,54,54,58,54,55,52,53,56,54,53,51,54,54,56,53,54,56,56,54,53,54,55,57,53,51,53,57,57,51,53,53,59,55,47,51,49,52,52,50,52,54,54,48,48,51,55,51,51,47,49,56,50,47,46,53,53,52,49,51,53,59,48,49,49,51,58,43,46,48,50,52,45,48,45,51,48,43,48,49,50,48,43,44,43,48,44,45,43,46,49,43,38,42,43,46,46,44,43,48,47,42,40,40,41,44,41,40,42,40,43,41,39,40,41,43,42,36,37,39,41,42,37,40,40,40,43,38,37,38,42,44,40,36,37,42,40,38,38,39,43,40,34,37,36,39,40,39,37,35,39,42,40,34,36,38,43,38,34,36,34,43,35,35,33,37,35,35,34,32,33,35,36,34,32,32,34,36,32,31,34,33,33,33,30,28,31,32,27,32,26,29,34,35,30,31,30,28,30,33,29,30,30,31,35,31,26,28,28,28,31,28,26,28,29,34,31,27,25,27,29,29,24,25,26,27,30,28,27,26,28,30,27,28,25,25,28,29,25,28,22,26,27,28,19,22,27,26,24,24,23,19,23,23,23,22,18,17,24,26,22,21,22,18,22,23,22,25,22,18,25,23,20,21,19,22,25,21,21,18,21,20,19,22,21,19,20,19,20,20,13,18,22,23,22,18,19,20,18,20,17,17,16,20,18,17,17,15,16,15,17,17,17,17,15,14,21,17,16,14,15,18,17,14,15,16,16,15,18,15,15,14,13,12,13,12,14,14,11,12,12,12,14,11,11,14,15,13,11,8,10,10,13,11,11,12,11,12,7,11,13,11,11,12,10,12,10,10,8,10,11,10,11
9,5,9,8,6,10,8,5,7,7,6,7,7,5,7,4,7,5,6,4,3,5,3,5,3,2,6,4,5,2,5,3,3,3,4,0,3,2,2,2,3,2,2,3,1,2,4,2,1,2,1,3,2,3,4,1,2,2,3,2,1,2,3,1,2,0,2,1,2,3,1,2,2,2,1,3,1,3,2,4,2,1,2,0,0,1,1,4,3,2,1,1,2,3,3,4,3,2,2,2,1,1,4,1,3,2,2,2,3,1,3,1,3,2,3,2,2,2,3,4,3,4,2,2,2,3,4,3,2,4,5,1,5,2,5,2,5,3,4,3,4,5,5,3,3,5,5,3,5,5,4,6,7,4,7,10,8,5,9,8,9,7,8,9,9,8,10,9,9,9,11,8,10,11,11,11,12,11,12,12,13,11,14,13,16,13,14,16,15,16,15,18,17,17,18,21,20,20,18,20,19,23,23,20,24,21,24,25,28,26,29,25,26,31,30,29,27,29,31,32,29,30,33,34,32,34,35,32,37,35,38,37,35,35,33,40,39,37,37,37,40,40,39,37,40,37,38,40,46,38,41,41,40,44,45,39,44,45,42,41,47,46,44,49,49,45,48,50,44,44,50,43,48,49,44,47,49,45,47,46,48,48,47,50,47,48,49,49,50,51,46,46,48,46,45,49,50,45,44,48,48,43,52,48,46,46,47,47,46,48,50,46,48,50,50,50,52,47,51,49,47,45,49,47,47,48,52,44,45,49,49,43,49,49,44,45,46,45,43,46,45,47,45,50,49,44,54,56,47,53,56,53,47,57,62,56,62,63,65,65,71,75,76,82,83,86,87,97,105,111,118,129,141,147,164,186,190,194,220,240,244,253,264,285,288,299,309,313,307,327,323,320,318,334,333,320,329,333,324,329,337,336,322,326,339,337,320,330,342,323,331,330,332,326,324,330,319,320,333,333,325,319,328,332,322,327,336,335,330,331,330,331,329,336,346,336,329,335,337,322,324,332,337,327,330,344,332,326,328,345,336,335,334,351,338,328,339,347,333,338,349,362,344,340,351,358,345,342,357,349,337,340,349,349,335,340,357,340,328,331,337,334,329,340,332,332,327,334,344,338,326,326,337,334,319,326,347,331,330,332,345,337,328,323,345,339,321,331,347,339,321,333,342,337,328,324,349,351,334,343,343,360,340,335,361,356,339,341,356,355,349,345,366,362,357,345,355,367,356,340,350,353,353,344,341,351,342,331,324,333,332,310,311,322,323,309,294,311,311,303,283,295,299,298,280,281,288,280,269,261,270,268,252,246,250,252,229,212,212,215,201,182,174,174,167,144,135,135,131,117,106,101,101,95,86,82,83,84,76,73,73,77,73,69,69,76,69,63,64,66,73,64,62,65,72,69,65,63,63,69,67,62,62,69,70,62,65,68,73,62,62,62,68,69,60,61,68,73,62,62,63,65,67,65,57,63,67,64,57,61,62,66,61,60,60,67,61,57,64,61,65,60,56,59,66,63,57,61,61,67,62,57,56,62,67,57,57,58,63,63,55,58,58,60,57,54,57,57,64,58,54,55,60,59,56,51,54,62,58,54,52,59,58,60,53,56,57,62,56,54,52,60,61,55,50,53,55,57,51,50,51,57,54,53,49,54,56,57,47,47,49,55,55,47,50,51,53,52,46,48,52,50,45,47,47,51,53,47,46,49,48,54,41,44,43,50,48,46,43,47,45,50,44,46,41,48,47,44,40,42,44,46,46,39,43,44,43,44,42,42,43,46,43,41,46,43,45,44,41,38,40,43,43,44,39,42,40,50,38,34,38,41,44,41,37,40,38,40,38,37,37,39,40,40,32,35,37,37,35,36,33,34,40,39,36,34,36,34,36,36,33,30,35,35,33,32,31,30,32,39,33,30,32,34,32,33,31,28,31,35,35,31,30,33,30,36,31,29,29,33,34,29,30,30,30,33,31,32,27,30,27,32,28,26,26,27,30,32,32,29,25,32,31,27,28,24,29,30,27,30,22,26,26,31,26,19,25,25,26,27,26,22,24,25,28,25,24,18,20,26,25,22,21,23,21,24,25,24,19,20,23,26,23,22,19,20,22,21,23,23,18,23,22,23,18,18,20,19,21,20,20,19,23,19,21,22,21,20,19,19,21,19,17,19,16,20,17,18,19,17,17,16,20,19,17,16,17,18,16,18,18,14,16,18,16,13,15,13,13,15,12,14,15,17,15,16,16,14,11,14,13,13,17,15,13,15,15,15,14,11,14,10,10,14,14,12,15,10,8,15,12,12,10,13,13,12,11,10,10,9,9,12,9,11
6,9,7,8,7,6,6,7,6,6,7,3,7,4,2,6,4,7,6,2,5,6,4,5,1,4,2,2,5,2,1,3,2,2,4,3,3,3,3,2,4,3,2,3,2,0,2,2,2,1,3,2,2,2,1,1,3,0,3,3,0,1,2,3,1,2,2,0,2,0,1,1,3,1,2,2,0,3,3,1,3,1,2,0,1,2,2,3,1,1,1,3,2,2,2,1,1,2,1,3,1,2,3,2,3,4,1,1,3,2,1,1,4,3,2,4,2,3,2,2,0,4,2,3,4,2,2,3,4,3,4,2,2,3,2,2,6,4,3,3,3,4,5,4,6,4,4,3,4,6,6,6,6,3,8,6,5,6,4,6,5,8,6,8,8,5,7,8,8,9,6,7,8,9,8,10,11,13,12,11,11,10,12,15,11,16,14,13,10,15,15,14,16,16,17,16,17,16,16,20,21,19,19,23,23,20,22,21,20,23,26,26,24,27,24,27,26,29,27,30,26,27,33,29,29,28,29,31,30,32,29,31,34,33,33,33,33,33,34,32,35,40,31,37,38,38,32,41,34,34,33,37,40,38,38,39,38,40,40,41,42,38,42,43,42,41,44,45,38,42,44,41,43,45,43,42,40,43,41,42,44,39,46,47,39,44,47,41,47,48,42,39,45,43,35,45,44,44,43,47,42,43,48,42,40,46,42,44,44,44,43,40,45,43,40,46,46,42,45,49,46,40,45,46,40,44,41,39,41,42,45,36,41,44,37,40,40,41,38,43,43,39,37,43,43,36,41,45,41,45,45,43,41,45,46,47,48,54,54,51,56,59,53,58,65,67,68,77,82,80,88,101,103,111,117,131,137,141,158,169,167,183,200,206,205,220,231,218,222,237,235,224,229,247,225,231,235,241,230,239,239,246,237,243,244,236,227,239,242,241,242,240,240,237,233,243,237,225,238,242,235,229,243,246,232,237,249,240,236,242,237,239,232,243,242,236,235,242,248,231,238,249,242,235,234,250,238,236,238,241,237,232,245,258,238,242,252,259,246,234,253,256,245,242,261,259,245,247,258,253,249,252,255,262,249,243,254,250,242,240,245,245,231,242,245,240,233,240,254,235,228,234,241,236,229,234,254,239,234,241,252,245,238,245,247,251,235,239,250,252,234,237,245,250,233,241,252,245,242,248,256,266,238,247,254,254,239,242,258,261,254,250,266,267,262,254,262,272,256,251,259,266,258,247,251,257,254,240,239,254,248,231,229,244,246,231,219,234,238,226,210,224,225,218,205,210,221,208,197,199,212,204,187,182,198,194,178,167,165,168,158,144,143,140,139,119,115,116,111,99,85,93,84,80,69,70,72,67,61,62,60,65,56,60,58,63,62,52,53,58,62,57,53,57,60,57,52,52,56,60,53,51,56,59,57,56,52,52,60,55,55,58,56,60,51,52,59,63,52,53,57,60,56,54,48,53,56,55,52,50,54,56,51,51,52,53,54,49,50,54,59,51,46,52,59,50,51,51,52,54,53,51,51,52,58,52,52,53,53,57,52,45,55,52,49,48,48,47,54,51,47,48,54,57,52,45,51,58,53,47,50,50,54,54,48,50,50,57,51,50,48,54,58,51,52,50,53,53,47,51,49,52,52,48,47,50,51,50,44,46,49,52,50,46,45,49,50,49,44,44,47,50,49,47,43,52,52,46,46,44,48,48,44,44,41,45,51,47,44,46,48,43,44,40,45,46,48,44,43,38,48,46,45,43,40,43,47,43,41,39,44,48,48,36,42,43,46,46,42,42,44,45,47,45,41,41,44,49,37,44,37,45,46,41,39,43,45,45,42,38,37,40,44,45,38,37,37,39,40,38,41,34,41,39,37,34,36,38,42,39,36,34,38,40,37,33,33,33,40,35,36,36,37,37,36,35,29,36,34,40,33,37,31,34,35,40,30,34,32,34,34,34,33,28,32,35,36,33,28,28,36,32,35,29,29,29,34,31,28,26,32,28,32,31,27,32,32,33,27,29,26,31,30,29,28,26,26,26,30,28,25,24,27,19,27,27,24,21,23,27,28,26,22,23,28,28,26,27,22,24,26,23,21,20,21,21,22,21,19,22,19,19,20,24,20,16,20,23,16,22,15,18,20,19,22,20,18,19,22,20,19,18,18,18,20,18,17,20,14,14,16,17,19,19,17,19,18,16,17,16,15,14,16,16,15,15,16,15,16,15,17,12,10,13,13,12,14,13,12,15,13,14,16,11,12,12,10,12,14,9,10,12,11,15,12,11,9,10,9,11,10,9,9,12,9,8,8,11,8,9,9,8,10,10
8,12,8,8,8,10,6,9,10,6,6,8,7,6,5,7,3,6,5,5,3,9,5,4,4,4,3,2,3,4,4,4,4,6,3,4,3,5,3,5,2,3,5,1,2,4,2,4,3,1,3,2,2,3,2,4,1,2,1,2,2,3,4,2,3,2,1,1,1,3,2,2,3,3,3,1,2,2,0,0,3,2,1,2,2,1,3,0,2,2,3,3,2,5,1,1,4,0,3,3,3,2,5,3,2,2,2,3,2,3,2,3,3,3,3,3,3,2,2,3,2,1,3,3,1,4,4,4,3,5,4,4,3,4,3,3,5,4,3,2,6,4,6,4,5,5,5,5,5,3,8,6,4,6,7,7,6,9,7,7,6,6,10,9,6,10,7,9,10,10,9,12,10,11,11,11,14,14,12,13,11,14,13,13,13,15,16,17,15,16,17,17,15,22,18,20,19,20,22,22,19,23,22,23,23,24,24,23,28,24,29,26,27,31,26,30,32,28,30,32,31,33,33,34,31,35,37,35,36,37,35,35,37,36,40,43,37,35,39,38,36,40,36,39,42,36,39,43,43,36,41,40,41,43,44,40,50,44,43,47,45,45,44,48,46,44,47,46,42,49,47,47,50,47,46,49,52,48,45,48,45,45,48,47,49,50,48,48,49,54,50,46,49,50,45,51,51,45,47,50,48,49,53,51,47,50,48,49,47,47,46,50,51,50,46,47,53,51,46,51,49,49,49,50,48,46,47,48,42,47,46,46,48,47,44,47,45,48,44,49,45,45,45,51,47,41,44,51,46,53,48,53,47,54,53,50,55,62,60,57,65,71,67,69,80,76,79,86,97,97,106,111,124,126,137,158,163,174,190,212,222,242,260,277,269,297,312,307,310,330,327,322,331,345,338,329,340,352,339,337,347,345,340,353,352,345,335,336,353,331,337,351,350,336,341,342,343,331,340,347,329,330,344,351,342,346,344,347,340,336,352,344,338,342,355,344,339,344,358,337,340,355,342,337,346,354,353,333,342,347,348,341,343,370,353,341,355,362,348,338,368,365,346,347,362,367,357,351,358,366,354,359,367,361,347,344,355,356,344,350,354,351,335,343,346,347,333,346,359,347,335,338,349,345,329,341,353,347,343,338,355,349,335,341,356,353,335,349,355,356,337,342,357,351,338,341,353,361,342,344,361,359,344,339,358,363,349,341,364,375,358,362,372,381,373,355,366,379,363,349,367,363,363,345,351,367,367,343,337,344,352,325,326,336,343,319,304,323,320,312,295,310,320,303,288,289,296,298,286,285,288,285,277,262,268,275,258,245,239,235,232,212,206,205,194,172,168,161,158,142,120,122,118,111,95,92,87,88,84,76,75,77,75,72,72,75,74,60,68,68,76,69,66,68,74,71,66,65,63,73,63,60,65,70,65,64,62,65,71,63,63,64,71,67,63,63,62,73,64,58,63,66,68,59,59,60,66,61,59,59,67,68,65,60,59,68,64,58,57,60,66,57,56,58,62,60,61,56,60,68,63,56,57,64,64,56,58,58,60,62,54,56,59,61,57,51,58,58,63,58,53,55,60,59,55,54,54,62,59,53,56,57,61,57,52,56,58,63,57,54,55,56,62,58,52,56,59,59,58,54,55,60,62,50,50,52,52,56,53,50,48,56,52,47,53,51,54,52,44,44,51,53,54,44,45,50,51,52,45,46,46,52,45,46,47,47,48,46,42,46,48,48,49,44,42,45,49,45,41,42,45,48,46,45,37,44,48,42,41,42,45,45,44,41,43,42,48,41,45,40,40,45,49,40,44,39,43,44,44,39,39,42,46,40,40,38,43,42,40,35,38,36,41,38,38,36,38,39,40,37,37,33,39,40,39,30,36,36,42,36,33,30,37,38,37,35,35,36,36,36,32,33,37,37,36,34,34,28,33,33,35,35,33,29,36,38,32,33,31,33,38,32,29,26,33,33,35,31,30,30,32,34,32,28,29,30,32,31,30,29,30,28,36,30,26,28,30,32,32,29,26,26,28,30,28,26,24,27,25,27,24,25,23,27,30,25,28,23,25,27,26,26,24,20,22,22,25,24,22,22,23,24,23,22,22,19,21,27,24,20,23,20,24,25,22,20,18,20,26,20,23,17,21,21,23,22,22,21,18,19,22,20,21,17,19,19,21,17,18,15,18,20,27,19,16,15,20,19,16,15,15,17,17,19,17,12,14,14,20,15,15,15,16,15,17,16,17,14,15,14,14,12,16,14,15,13,15,16,14,13,13,9,16,12,13,13,13,11,13,12,12,11,11,12,11,12,12,12,10,10,11,11,11,10
7,7,7,5,9,5,6,8,4,6,5,5,6,8,5,7,6,4,6,4,6,2,3,4,4,3,3,3,4,5,3,5,4,2,3,4,2,2,4,1,2,3,2,1,2,4,1,2,2,3,1,1,2,2,2,0,3,1,2,1,3,4,0,2,2,1,4,3,0,1,1,3,2,3,2,0,1,1,3,0,0,1,3,1,2,0,2,1,4,1,2,1,3,1,3,1,2,1,2,2,2,0,3,2,3,2,1,1,0,2,4,1,3,2,0,2,2,1,3,2,1,3,3,5,1,3,2,1,5,3,4,4,4,2,5,4,4,2,3,5,4,2,5,3,1,4,6,7,5,6,6,5,6,5,7,3,6,6,6,6,8,7,8,9,9,7,8,8,5,6,6,8,11,13,11,10,9,9,13,10,14,10,11,12,12,13,15,12,13,15,17,12,14,15,18,14,17,12,21,16,19,18,20,19,21,20,20,19,22,20,24,28,19,25,26,26,23,27,26,27,29,28,29,29,28,31,31,29,34,30,28,30,33,29,36,32,34,28,33,29,34,31,35,33,34,35,32,36,36,34,34,32,36,38,36,36,35,40,42,36,42,37,37,42,39,36,44,41,38,38,43,36,41,44,39,44,44,41,42,41,45,40,45,43,40,42,44,42,43,43,43,41,45,39,39,45,39,40,44,44,38,42,45,48,43,43,43,36,43,47,41,40,42,44,41,41,42,41,41,45,41,40,42,37,42,43,46,42,42,41,39,36,39,42,39,38,41,37,34,41,42,36,39,44,38,40,39,44,38,37,48,43,41,47,52,43,44,52,49,48,56,55,56,59,71,69,61,72,82,80,83,86,99,97,102,119,127,127,153,162,170,190,210,220,235,251,271,278,287,310,317,306,319,328,332,327,342,336,327,332,345,350,334,345,350,341,330,345,339,334,345,346,344,324,330,348,338,327,342,339,331,329,344,340,322,334,341,343,332,340,351,338,344,337,353,342,333,339,344,335,340,348,346,330,344,350,346,336,340,354,344,342,341,364,348,340,351,360,342,350,359,367,355,348,359,371,352,352,363,365,355,351,360,362,348,361,367,361,344,338,357,344,340,343,352,355,332,342,357,349,333,334,350,348,334,342,360,338,330,339,352,346,333,346,351,348,341,348,357,345,339,346,362,356,334,345,360,359,344,351,357,362,346,346,360,368,349,351,360,364,351,347,362,373,365,351,369,375,365,342,366,374,356,347,358,367,357,350,335,360,355,326,328,339,345,327,317,328,323,313,309,307,316,309,290,303,298,298,282,289,294,290,276,268,269,278,273,263,261,264,256,237,232,231,229,208,194,190,187,168,149,147,147,132,108,107,107,106,92,85,79,81,75,62,66,69,66,54,54,59,67,61,55,58,60,58,57,55,59,64,54,56,56,59,59,55,56,63,61,59,56,53,62,60,55,53,55,63,52,54,54,55,60,56,51,55,56,53,48,55,52,60,45,49,57,56,57,51,51,53,56,50,51,52,55,57,54,52,51,56,53,46,44,55,59,55,50,54,54,52,52,45,50,59,51,46,48,53,52,50,48,49,51,58,49,47,51,55,54,44,47,49,57,54,44,50,54,51,48,47,48,53,53,49,47,50,52,51,46,46,47,50,51,44,44,44,50,51,41,43,49,47,47,46,44,45,48,46,41,45,40,46,44,41,43,46,46,42,43,44,42,48,40,40,39,43,45,45,37,43,44,42,42,41,34,42,44,42,36,37,39,41,41,37,36,39,44,38,34,37,40,40,43,37,36,40,45,41,40,36,39,45,44,38,37,40,41,43,40,36,36,45,39,39,37,38,36,40,38,31,35,35,43,39,36,35,37,40,36,30,30,34,36,35,33,34,33,35,34,34,33,32,33,35,37,32,27,31,30,34,31,29,28,32,34,34,27,28,29,32,32,31,27,29,33,31,30,24,30,32,35,31,29,29,27,30,30,29,27,33,29,34,27,29,32,26,30,34,26,24,24,30,31,30,30,27,28,33,26,30,23,23,26,29,27,26,23,24,26,25,24,23,23,25,26,26,24,22,24,23,24,28,21,23,20,23,24,21,21,22,24,24,22,22,24,19,20,23,20,21,22,21,25,22,19,22,21,21,19,22,19,18,18,20,17,21,19,20,20,18,22,24,16,18,19,17,19,21,17,19,16,18,20,18,13,16,16,17,18,16,14,16,16,17,15,17,11,14,18,16,14,16,12,15,14,15,12,13,11,12,11,15,13,14,13,13,13,14,15,12,10,13,12,12,11,11,8,10,12,11,12,12,10,13,12,15,10,8,9,8,11,11,10,12
10,11,11,9,11,11,10,9,8,8,6,8,4,8,8,8,5,7,7,5,5,9,2,7,3,7,4,6,5,3,4,4,4,7,3,4,4,4,2,4,1,2,5,2,2,3,4,4,2,5,3,4,2,2,3,2,1,5,2,3,1,3,0,4,4,1,3,2,4,0,0,4,0,2,2,3,2,3,2,3,1,3,2,3,3,3,1,5,3,4,2,2,2,3,0,5,1,2,2,0,3,5,2,4,3,3,1,5,1,3,1,2,2,4,1,3,3,4,1,5,3,3,3,4,4,4,5,5,4,5,5,4,5,5,3,7,2,4,3,6,4,3,4,7,3,6,7,5,4,8,8,6,7,5,7,9,7,8,5,8,11,9,8,9,8,8,8,10,11,11,9,12,11,13,13,14,11,13,16,15,14,15,15,16,14,15,15,17,17,17,22,15,20,20,19,20,25,20,19,23,20,23,21,22,23,27,25,24,29,29,27,29,27,31,30,30,28,33,31,34,31,33,38,34,31,37,37,31,34,40,36,34,39,37,39,36,34,39,37,40,37,43,38,38,40,40,42,40,42,42,42,46,42,47,42,45,52,48,43,48,46,46,47,55,45,49,52,51,44,47,46,46,50,49,48,46,50,46,45,50,52,45,50,50,44,50,47,49,48,52,49,45,51,51,42,53,47,47,47,54,47,49,51,51,47,50,51,47,47,50,49,46,50,56,47,52,52,47,48,53,50,44,53,52,46,47,49,50,50,53,50,46,48,47,44,48,50,51,41,45,48,44,40,49,46,41,48,47,40,47,49,46,42,52,46,46,50,52,46,48,54,56,54,56,60,60,59,66,71,72,78,84,84,82,95,107,103,113,132,142,146,161,187,189,202,224,247,252,273,309,309,321,331,348,349,345,371,380,362,370,373,384,364,378,393,383,362,385,385,372,377,392,383,370,384,393,380,368,376,389,379,369,378,390,369,375,385,386,362,376,389,376,371,390,395,381,376,390,386,379,375,390,388,371,382,398,386,370,383,390,391,375,384,398,389,383,389,405,391,385,401,410,396,391,409,411,398,391,416,407,391,396,415,410,383,392,402,400,379,387,397,391,373,386,390,389,374,380,397,382,365,384,401,386,371,392,392,385,372,380,403,388,377,383,393,390,369,384,402,393,382,381,403,401,377,393,399,395,377,389,401,403,385,389,413,402,389,394,414,410,393,396,409,427,414,400,411,422,406,389,403,428,417,397,412,418,401,394,394,404,401,380,385,393,399,383,369,379,388,376,355,364,381,356,338,356,367,357,343,329,352,348,333,325,342,348,329,316,319,332,325,296,301,305,304,281,279,273,277,245,234,223,219,206,179,172,166,166,143,131,129,120,115,101,97,101,93,82,81,78,87,79,72,75,78,78,71,68,74,75,72,67,71,72,69,66,70,71,74,65,66,68,72,71,66,65,71,73,70,62,72,73,68,64,61,68,77,68,67,68,71,72,68,64,68,67,66,59,64,69,67,64,61,64,68,67,63,61,69,70,62,63,64,65,69,63,62,66,69,73,62,63,66,67,64,58,58,57,66,62,59,61,66,66,61,61,60,66,65,59,58,60,64,63,60,58,59,66,62,58,57,62,69,57,61,60,65,64,61,57,60,64,61,55,51,54,64,61,53,56,58,62,60,54,54,58,63,61,53,49,58,61,55,52,52,55,56,54,52,50,57,54,53,51,49,52,58,54,52,47,55,55,53,48,47,51,55,51,48,49,55,53,54,48,53,51,59,51,48,44,52,55,56,49,48,49,57,49,51,45,46,54,54,51,46,45,54,52,46,44,42,57,53,49,44,46,48,50,47,44,46,49,54,46,43,43,43,47,46,46,39,38,45,45,46,40,39,44,45,44,42,38,43,49,44,39,38,40,43,45,40,39,34,43,44,36,34,37,39,40,43,38,40,38,41,40,39,36,35,39,43,39,36,38,36,40,45,37,34,38,39,40,36,40,35,35,38,39,37,36,35,37,38,37,34,32,33,37,40,34,32,31,35,35,33,32,32,29,33,33,35,33,31,29,34,30,30,25,31,31,35,27,32,29,31,31,32,26,27,30,29,27,29,23,25,26,28,29,29,23,25,26,26,29,29,27,25,24,27,28,26,23,25,28,28,25,25,24,23,24,25,20,20,22,19,25,26,22,24,20,22,22,27,24,22,23,23,23,23,24,20,20,23,22,21,18,20,17,17,23,21,18,17,16,18,18,16,17,16,16,16,18,18,18,15,16,18,18,20,17,17,16,17,13,15,12,12,11,15,13,13,14,13,11,13,14,16,11,12,11,14,13,14,10
6,10,9,8,4,8,9,5,8,5,6,4,5,8,4,6,4,5,7,3,6,6,4,4,4,5,5,4,3,4,0,3,6,3,2,3,4,1,5,2,3,3,4,1,4,1,3,3,4,3,5,2,0,2,2,3,0,1,2,2,5,2,2,4,2,2,3,1,2,1,0,4,1,0,1,1,3,1,2,3,3,2,5,3,0,0,2,1,4,1,2,3,3,1,2,3,2,3,1,0,2,1,2,0,4,0,2,5,2,3,2,3,4,3,3,2,4,5,2,2,4,2,4,4,2,5,4,0,3,4,3,1,0,6,4,5,4,4,4,6,4,4,3,3,2,7,4,6,5,7,5,7,5,5,10,6,5,6,9,6,8,6,5,9,8,7,10,10,8,9,10,12,13,12,12,10,10,11,11,9,13,13,14,14,16,14,13,15,15,15,19,18,16,16,17,18,20,15,22,20,17,20,20,18,23,22,22,21,22,24,25,28,27,28,28,26,32,29,28,28,28,33,36,30,30,31,32,33,36,35,32,34,35,36,36,34,38,37,38,37,38,38,40,33,39,39,39,39,42,33,40,39,37,38,44,40,42,43,42,44,44,42,43,45,45,46,46,46,42,47,48,46,47,47,48,45,50,46,45,46,49,45,48,49,43,44,49,45,42,47,45,46,46,49,43,45,49,40,44,50,44,47,50,48,46,46,51,47,47,51,46,43,48,44,47,46,48,47,45,52,49,44,48,45,48,49,49,48,49,47,49,49,48,50,41,45,47,43,40,42,45,45,41,50,43,40,40,44,44,46,42,44,44,51,50,46,47,51,52,45,58,54,54,54,59,58,59,64,68,71,73,83,80,79,94,99,95,106,115,119,124,143,157,171,171,192,209,224,234,250,267,268,288,303,305,300,317,326,312,322,337,327,313,330,337,321,313,327,329,317,321,326,324,317,319,330,324,316,323,329,321,312,323,324,314,317,328,327,317,326,327,319,308,322,331,324,316,323,331,321,320,326,331,314,320,324,325,313,323,335,322,317,323,340,328,310,331,339,323,323,334,340,323,332,347,343,327,331,342,341,339,329,347,343,329,330,341,340,321,328,332,331,314,320,330,330,317,321,333,315,315,304,329,322,308,314,329,320,306,319,336,314,307,324,334,325,309,317,334,331,314,318,342,330,313,320,332,335,321,322,339,335,321,320,344,339,321,322,333,343,322,330,343,344,335,325,339,347,340,322,339,347,331,324,330,342,338,322,318,337,332,318,312,326,321,307,299,313,318,300,284,295,309,295,274,289,298,291,272,263,283,286,263,259,263,272,265,250,258,266,265,244,242,245,246,232,219,222,221,205,177,185,183,170,154,144,143,138,121,110,106,107,99,84,82,83,79,70,66,68,69,61,57,61,67,68,61,58,66,68,60,58,62,64,63,55,60,65,64,60,52,57,61,62,57,58,60,61,61,54,59,64,62,57,59,63,61,55,57,56,62,62,53,52,58,62,57,51,55,60,63,56,52,53,60,66,50,54,57,65,60,50,52,57,60,55,54,57,60,57,54,52,54,58,56,52,52,57,59,53,52,57,59,57,53,50,53,56,58,50,51,54,58,55,50,50,54,57,53,49,52,54,58,49,51,54,53,59,52,47,52,57,55,49,50,47,55,51,46,45,51,49,52,48,48,52,53,46,45,42,50,55,43,50,47,45,50,48,46,44,47,50,50,44,43,46,50,45,42,45,49,48,45,42,43,44,50,42,39,39,43,49,44,37,43,43,48,44,43,40,47,52,42,40,41,45,46,48,43,39,40,50,44,40,39,42,40,47,41,41,39,45,45,40,37,36,41,43,40,37,35,40,42,39,38,36,39,40,39,35,36,37,38,39,35,36,34,40,37,35,32,36,36,40,36,30,35,34,39,39,33,36,32,37,33,28,33,31,36,38,39,35,34,34,34,35,31,32,32,34,36,35,34,30,31,32,36,34,28,33,32,36,30,30,33,31,35,32,31,29,29,34,31,32,29,28,28,34,29,31,26,24,30,27,27,27,23,25,29,26,24,30,25,28,26,24,26,24,24,29,27,26,24,20,25,25,26,20,23,25,24,22,28,20,18,26,20,25,23,23,20,21,24,24,23,20,18,20,23,22,21,17,19,23,22,18,19,20,17,19,21,21,20,18,21,20,19,22,17,20,19,17,21,19,17,17,19,17,18,17,14,15,15,17,16,15,14,15,16,15,16,14,13,19,15,17,13,13,12,14,13,14,16,10,12,10,11,10,11,12,15,13,11,15,15,11,11,10,11,11,14,11,10,9,9,12,12,11,11,10,13,10,11,10
9,8,7,10,7,8,6,4,7,6,5,7,7,4,5,7,4,9,4,3,4,6,4,3,6,4,4,3,3,5,4,3,2,4,4,3,4,2,1,5,3,1,1,2,3,3,2,2,2,3,2,3,1,4,1,3,2,1,4,0,1,4,3,2,2,3,2,1,1,2,1,2,2,4,0,1,0,3,0,1,1,2,2,1,2,1,1,4,2,1,1,2,1,1,3,1,2,3,1,3,2,3,3,0,2,3,1,1,2,1,2,2,4,2,3,2,2,4,2,0,3,3,2,4,3,2,2,2,2,5,3,4,5,5,2,2,2,5,3,5,5,4,5,2,6,1,5,1,7,5,6,4,8,5,6,6,8,8,4,5,8,6,6,7,9,7,10,9,8,10,7,13,10,10,7,14,11,11,12,13,11,15,10,13,14,15,13,14,15,16,14,12,17,15,14,19,19,19,19,18,18,21,25,20,21,22,23,26,25,23,22,26,25,29,25,25,27,26,29,30,28,30,34,32,32,32,32,30,32,33,30,32,33,31,33,37,31,37,36,33,36,37,37,36,35,39,33,37,37,38,37,40,37,41,38,38,42,44,39,43,46,45,39,47,42,41,43,46,40,42,46,43,42,45,42,46,45,45,41,46,45,42,44,46,43,41,44,46,42,46,41,47,45,41,45,44,48,41,42,43,44,41,45,48,47,47,46,46,44,48,45,44,46,45,37,45,47,44,43,48,46,43,46,45,43,50,45,45,42,47,45,44,45,46,41,42,43,46,38,45,43,37,42,43,45,40,43,42,41,34,43,42,41,45,45,41,42,47,44,44,47,52,47,47,50,53,49,54,61,61,57,68,75,71,76,81,77,87,98,111,109,125,137,148,155,175,193,203,218,244,263,270,292,307,316,321,339,351,345,348,363,369,353,365,377,369,362,364,369,358,354,370,369,363,365,378,375,350,373,373,373,356,370,372,357,361,367,362,352,358,372,370,360,373,379,370,355,372,377,364,366,374,370,367,376,377,374,357,368,372,379,360,370,382,368,356,377,383,376,371,386,388,372,374,396,397,377,379,393,395,381,381,388,395,376,381,390,381,363,369,384,373,357,365,383,371,362,373,379,370,354,360,369,362,359,362,380,363,360,361,375,377,361,364,365,375,365,372,381,372,366,378,386,375,366,366,380,386,361,368,387,385,377,376,386,397,383,371,388,401,375,372,382,406,386,381,393,408,394,379,394,399,401,378,387,398,390,377,377,393,387,373,372,382,386,359,359,364,376,360,348,344,359,349,336,338,346,343,322,323,336,328,323,315,326,322,320,314,314,327,327,292,298,298,304,291,279,280,282,262,251,247,230,226,205,196,194,189,164,146,148,146,131,112,106,105,99,89,85,78,82,71,68,71,72,72,62,63,68,71,64,55,61,64,65,56,59,65,64,66,56,62,65,61,57,59,61,63,55,56,58,65,63,59,52,62,64,60,58,57,63,65,57,55,57,66,59,54,55,59,64,55,57,58,61,60,54,57,59,61,54,51,56,58,61,57,57,54,59,61,55,56,59,61,56,50,54,57,60,52,55,55,54,61,56,49,54,60,59,50,51,54,62,53,52,52,56,58,55,52,53,58,57,51,53,54,56,59,55,54,55,55,58,53,49,52,52,55,47,54,51,53,53,47,51,50,53,51,50,47,48,50,50,45,48,49,52,51,45,48,49,50,46,46,43,44,52,49,44,46,49,48,48,44,43,46,47,46,39,44,45,46,46,41,44,44,48,44,43,41,45,47,48,44,41,45,50,47,44,44,49,48,50,42,42,44,49,44,44,44,43,49,47,43,36,42,44,47,45,43,42,40,45,38,40,36,41,43,44,39,37,40,39,42,38,38,32,37,42,40,34,33,40,41,38,35,35,33,39,37,37,34,34,39,41,34,34,33,34,40,37,32,31,35,35,39,33,37,36,35,40,35,34,31,31,38,34,32,31,34,36,38,34,33,30,35,34,34,31,30,31,33,38,28,31,28,31,32,33,32,32,30,32,30,32,25,25,28,29,29,31,29,26,28,32,28,27,22,26,27,27,25,25,25,24,25,26,28,24,23,24,30,23,24,23,19,29,25,25,22,23,20,27,23,24,23,19,21,25,22,20,20,20,19,23,17,24,18,20,20,22,23,19,19,19,18,19,24,18,21,22,22,22,19,17,20,17,20,19,18,17,15,18,18,18,17,17,14,18,21,21,16,13,16,17,16,20,19,13,16,13,14,15,13,13,13,14,14,14,11,13,11,13,12,13,12,12,9,13,13,13,11,12,10,11,13,9,8,11,10,9,11,13,10
6,8,8,8,8,8,6,10,9,7,7,7,6,5,6,5,7,4,5,7,4,3,5,2,4,4,1,4,4,2,3,3,3,3,2,5,3,4,3,3,1,5,1,5,3,2,2,1,2,1,4,1,3,1,3,2,4,2,3,1,4,0,3,0,2,3,1,3,1,2,0,3,0,2,2,3,1,1,2,1,2,3,3,1,2,0,1,3,1,2,2,2,3,1,3,1,3,0,2,1,0,2,2,0,2,2,0,4,4,3,0,3,0,2,1,4,0,3,2,4,1,6,0,3,3,3,1,1,2,2,4,5,4,2,4,3,4,3,7,3,4,2,4,4,4,3,4,4,4,6,4,7,4,5,6,8,4,6,8,4,3,8,4,7,5,8,7,7,8,9,8,9,9,10,10,9,12,12,11,11,10,11,12,12,9,11,17,11,11,13,18,13,15,14,14,16,18,17,18,17,18,19,15,19,17,20,19,19,20,19,23,20,22,23,21,26,28,22,25,26,25,24,26,27,24,28,29,23,28,29,27,29,31,28,29,33,31,31,32,25,28,36,34,29,33,31,31,32,31,34,37,33,33,31,36,33,37,38,37,34,37,36,38,36,37,34,39,37,38,37,36,40,37,38,37,37,36,38,35,41,38,34,39,37,36,38,37,34,41,37,37,31,41,38,34,38,38,36,38,40,35,37,37,36,37,36,34,33,37,41,33,40,42,38,33,35,41,35,32,39,38,39,37,42,34,36,37,38,36,38,39,35,40,40,32,37,34,32,34,36,34,36,34,35,32,27,32,33,29,33,34,33,29,36,35,32,36,37,38,35,38,37,35,36,41,41,40,44,51,50,51,60,64,63,72,74,76,81,91,106,107,114,127,138,144,172,190,197,224,262,278,289,317,362,367,392,407,427,438,436,470,478,458,476,498,480,469,492,492,477,465,486,479,477,473,493,493,471,480,496,482,484,492,493,469,484,489,488,473,484,498,480,472,484,504,489,478,493,504,486,478,499,493,481,493,509,499,482,497,503,496,485,496,521,501,493,508,515,491,498,513,521,509,513,523,526,516,516,522,527,512,511,524,518,509,508,522,505,494,499,517,508,493,494,516,506,493,497,506,506,479,487,509,503,485,495,510,504,491,501,510,500,489,499,509,507,491,494,508,509,494,510,519,511,493,500,520,521,495,513,524,528,502,508,534,535,515,510,545,531,515,516,539,542,537,515,530,551,528,516,534,555,540,517,532,546,531,521,521,530,543,507,507,519,530,509,503,505,512,507,490,495,504,484,471,485,483,487,459,464,474,472,460,450,456,457,451,442,439,453,450,429,424,434,439,420,402,413,416,393,371,369,362,341,317,304,301,287,256,237,233,217,195,173,165,161,143,126,112,111,110,96,88,79,82,81,71,64,68,70,62,61,60,70,68,59,62,65,72,63,60,61,67,69,59,60,61,66,63,59,64,66,60,57,56,62,64,59,53,63,64,61,57,57,66,68,59,54,58,61,66,59,55,61,64,61,53,57,61,64,58,55,57,61,67,59,57,58,66,60,59,54,57,63,59,51,58,55,61,57,51,55,60,55,52,50,54,61,58,49,54,60,59,54,52,53,59,65,51,54,54,57,63,54,55,53,60,52,53,53,49,58,61,54,50,54,53,55,46,49,50,52,53,44,50,50,56,52,49,47,55,55,49,46,48,51,52,46,47,45,49,50,49,42,42,45,49,46,44,41,47,49,45,43,41,46,51,42,43,41,43,48,42,43,40,45,51,45,43,42,47,44,45,45,44,47,50,44,39,37,43,48,41,45,40,41,40,47,41,37,41,45,42,41,40,41,42,46,47,36,35,38,44,41,37,36,39,42,39,38,34,35,38,40,36,31,36,35,37,37,27,33,36,34,38,31,32,34,35,38,32,34,32,33,37,34,33,33,32,36,37,29,31,31,33,34,33,30,31,34,36,36,32,33,29,36,35,32,29,30,33,36,33,25,33,31,32,34,27,28,26,28,35,33,27,30,27,32,31,27,27,25,29,35,28,28,27,25,25,31,27,25,25,24,28,25,26,22,25,26,28,23,26,21,24,25,27,25,23,26,23,28,21,22,22,24,22,27,21,20,21,23,21,22,24,19,21,24,23,22,23,18,20,21,21,20,23,20,18,24,21,17,19,19,20,17,23,15,18,19,18,22,19,20,13,21,18,25,17,21,15,18,17,18,15,17,16,15,14,18,15,16,16,12,16,12,19,13,14,11,16,16,14,13,13,10,16,12,14,13,12,14,11,17,15,14,12,14,9,14,11,10,11,9,12,11,12,10,8,12,9,9,10,7